{"cameraMode":{"drawMode":0,"name":"Shaded","section":"Shading Mode"},"sceneLighting":true,"audioPlay":false,"sceneViewState":{"m_AlwaysRefresh":false,"showFog":true,"showSkybox":true,"showFlares":true,"showImageEffects":true,"showParticleSystems":true,"showVisualEffectGraphs":true,"m_FxEnabled":true},"in2DMode":false,"pivot":{"x":-0.0074236392974853519,"y":-4.519686698913574,"z":1.6502238512039185},"rotation":{"x":0.7412276864051819,"y":0.0010068768169730902,"z":-0.0011118418769910932,"w":0.6712526082992554},"size":6.374712944030762,"orthographic":true}